{"affine": [[0.7031000256538391, 0.0, 0.0, -85.55770874023438], [0.0, 0.5, 0.0, -59.4739990234375], [0.0, 0.0, 0.7031000256538391, -131.87110900878906], [0.0, 0.0, 0.0, 1.0]], "shape": [256, 400, 256]}